Tag;Description
Paizuri;Plus ils sont gros, mieux c'est ! (Branlette avec des seins de vaches laitières)
Gyaru ;Si je vous dis qu'une Gyaru est une lycéenne prostituée et provocatrice vis-à-vis de sont style vestimentaire, vous réagiriez comment ?
Ahegao;C'est une plaisiiiiir extrême jouée par le visage ou sinon des déformations du corps causées par un bâton trop grand
NTR;Il faut bien alterner de temps en temps !! viens de Netorare qui signifie Tromperie
BDSM;Une abréviation de bondage et de discipline (BD), de domination et de soumission (DS), de sadisme et de masochisme (SM)
Bondage;êtes-vous un adèpte du Contrôle physique extrême, du ligotage et (ou) torture ? Vous êtes au bon endroit…
Tsundere;Il suffit de bien cacher son jeu pour arriver en force et étonner son adversaire !! (Une fille qui cherche à faire comprendre qu'elle te déteste alors qu'elle se masturbe sur toi…)
Loli;"*sirènes de police* oui officier? ""Pourquoi baviez-vous devant l'école primaire ce tantôt ?"" (petite fille)"
Shota;Non Non, je vous assure qu'il est majeur!! (c'est faux…)
Kemonomimi;"Quand une fille déguisée en animal fais ""Nyaaan"" ou qu'elle n'est juste pas déguisée, c'est pas trop mignon? C'est l'arche de Noé !!"
Furry;Ceci est une catégorie pour Astérion, Faut-pas ramasser le savon !
School life;C'est vague, ça peut être ton prof qui te… ou un vanilla, une gyaru… tant que l'intrigue a lieu autour d'une école !
Cosplay;ALALAAA les idoles, déguisements fétichistes…
Gang bang ;Plus on est de fous, plus on rit!! Autant optimiser tous les trous !!
Nurse;Vite infirmière ! J'ai besoin d'une réanimation bouche à bouche !
Maid;Bienvenue chez vous, Maître ! Souhaitez-vous dîner ? Prendre un bain ? Ou... moi ?
Nun;"L'expression ""Oh mon dieu"" aurait une toute nouvelle signification malicieuse"
Rape;Le consentement ? Que nenni !!
Inceste;Ta sœur ou ta belle-mère ? Pourquoi s'embêter !
Yuri ;Je ne pense pas que ce soit la meilleure façon de se reproduire… deux femmes ? C'est ok ? Ben on est en 2026…
Vanilla;Dans le hentai, c'est plutôt rare !! Une relation classique, sans tromperie, ni fétiche ou quoi que ce soit. Il faut bien innover !!
Fantasy;Où la réalité rencontre des filles aux longues oreilles, aux queues de démons, aux ailes dans un village Médiéval ou la réalité !
Isekai;Ce genre de hentai où tu te fais percuter par un camion et que tu te réveilles nu au milieu d'une centaine de démones, nues, bien gaulés, et en chaleur !
Psychologique;Un tag qui regroupe tout ce qui est manipulation, Chantage, Sadisme ou hypnose… pour le meilleur, ou pour le pire ?
Futanari ;Elle a des seins, une chatte et un pénis plus gros que le vôtre, mais c'est comme ça qu'on les aime !
Harem;L'affaire du siècle!! Plusieurs filles te veulent comme défouloir sexuel !
Idols;Chanteuses cosplayées jouant des chorégraphies sur scène, mais… certaines perdent leurs honneur pour la popularité!! 
Public Sex;Sexe dans un lieu publique accessible par tous, la légende raconte que cela exiterait certaines personnes
Milf;Pourquoi se contenter des fruits quand on peux monter l'arbre en l'air !? (personnage féminin mature)
Virgin;Il y a un début à tout !!! (personnage vierge ou puceau)
Elf ;Personnages fantastiques à oreilles étirées
Succube;Créatures fantastique féminine assoifées de sperme pour sa propre survie… et son plaisir…
Giga seins;Seins aux proportions magnifiquement exégérées
Masturbation;l'art d'entretenir son sabre ou sa moule comme il se doit
Tentacules;N'est-ce pas génial de se faire monter en l'air par littéralement des créatures à tentacules qui sortent de nulle part ? L'extase !
Voyeurisme;pour les plus timide, il reste une autre façon de se pervertir, espionner les belles filles, Pourquoi le papier toilette cligne-t-il…? (dédicace à Issei Hyoudou)
Masochisme;Le meilleur tag… Kiffer la domination et la douleur
Horreur;Si tu veux finir traumatisé, c'est la meilleur solution, rien de tel que de prendre de la cire bouillante dans ses trous
Erotica;OH MINCE!!! J'ai glissé chef et mes vêtements se sont déchirés!! Ce type d'anime est considéré comme anime mais est réelement aux limites du hentai
Gender bender;Boof même moi j'ai pas trop compris, mais de nos jours… Les gens changent de sexe ou se travestissent…
Monster girl ;Personnage féminin à l'apparence de créature mythique ou animale
Magical girl;WINGARDYOU EUHHH pouvoirs magiques !! 
Fétichisme;AHAHAHAA tu kiffes les pieds, les odeurs, d'autres choses ou pratiques wtf, bienvenue !!!
Femboy;Personnage masculin à l'apparence et au comportement féminin
Jeu NSFW;Les hentai ne suffisent plus ! Le gameplay de jeux visual novel NSFW, c'est bien aussi !
Condom;En général, il ne tient pas jusqu'à la deuxième scène de sexe… (sexe avec préservatif)
Yandere ;Quand on dit que l'amour est maître de soi, c'est pas des blagues !!! (femme dangereusement amoureuse et passionnée)
Nymphomanie;Imaginez être en couple avec une nympho… Une femme complètement obsédée par le sexe, un tag parfait !
Surnaturel;Ce genre de hentai avec une appli mobile qui rend fou n'importe quel personnage, ou une épidémie de nymphomanie extrême…
Lactation;Quand ce lait entier sort frais du robinet, quel délice !
Yaoi;Pourquoi je devrait parler de ce tag ? Je n'en ai pas la moindre envie.
Monster  ;Quand tu vois une mage se faire déboiter par littéralement, une pieuvre ou une créature mythique, c'est OK !
